Label,Generation,PR AUC,Lineage,Beats Baseline?,Baseline PR AUC,Dataset
Elastic_L30_C1 + Manual Upsampling_G0,0,0.664,origin of Elastic_L30_C1 + Manual Upsampling,✅ Yes,0.055,baseline_easy_w5_n5_d0.csv
Elastic_L30_C1 + SMOTE_G0,0,0.671,origin of Elastic_L30_C1 + SMOTE,✅ Yes,0.055,baseline_easy_w5_n5_d0.csv
Elastic_L30_C1 + ADASYN_G0,0,0.484,origin of Elastic_L30_C1 + ADASYN,✅ Yes,0.055,baseline_easy_w5_n5_d0.csv
Elastic_L30_C1 + Borderline SMOTE_G0,0,0.515,origin of Elastic_L30_C1 + Borderline SMOTE,✅ Yes,0.055,baseline_easy_w5_n5_d0.csv
Elastic_L30_C1 + SMOTETomek_G0,0,0.671,origin of Elastic_L30_C1 + SMOTETomek,✅ Yes,0.055,baseline_easy_w5_n5_d0.csv
Elastic_L30_C1 + SMOTEENN_G0,0,0.658,origin of Elastic_L30_C1 + SMOTEENN,✅ Yes,0.055,baseline_easy_w5_n5_d0.csv
Elastic_L30_C1 + Random Undersample_G0,0,0.663,origin of Elastic_L30_C1 + Random Undersample,✅ Yes,0.055,baseline_easy_w5_n5_d0.csv
Elastic_L30_C1 + Cluster Centroids_G0,0,0.669,origin of Elastic_L30_C1 + Cluster Centroids,✅ Yes,0.055,baseline_easy_w5_n5_d0.csv
Elastic_L30_C1 + No Resampling_G0,0,0.671,origin of Elastic_L30_C1 + No Resampling,✅ Yes,0.055,baseline_easy_w5_n5_d0.csv
Elastic_L50_C5 + Manual Upsampling_G0,0,0.663,origin of Elastic_L50_C5 + Manual Upsampling,✅ Yes,0.055,baseline_easy_w5_n5_d0.csv
Elastic_L50_C5 + SMOTE_G0,0,0.672,origin of Elastic_L50_C5 + SMOTE,✅ Yes,0.055,baseline_easy_w5_n5_d0.csv
Elastic_L50_C5 + ADASYN_G0,0,0.481,origin of Elastic_L50_C5 + ADASYN,✅ Yes,0.055,baseline_easy_w5_n5_d0.csv
Elastic_L50_C5 + Borderline SMOTE_G0,0,0.511,origin of Elastic_L50_C5 + Borderline SMOTE,✅ Yes,0.055,baseline_easy_w5_n5_d0.csv
Elastic_L50_C5 + SMOTETomek_G0,0,0.672,origin of Elastic_L50_C5 + SMOTETomek,✅ Yes,0.055,baseline_easy_w5_n5_d0.csv
Elastic_L50_C5 + SMOTEENN_G0,0,0.656,origin of Elastic_L50_C5 + SMOTEENN,✅ Yes,0.055,baseline_easy_w5_n5_d0.csv
Elastic_L50_C5 + Random Undersample_G0,0,0.631,origin of Elastic_L50_C5 + Random Undersample,✅ Yes,0.055,baseline_easy_w5_n5_d0.csv
Elastic_L50_C5 + Cluster Centroids_G0,0,0.647,origin of Elastic_L50_C5 + Cluster Centroids,✅ Yes,0.055,baseline_easy_w5_n5_d0.csv
Elastic_L50_C5 + No Resampling_G0,0,0.669,origin of Elastic_L50_C5 + No Resampling,✅ Yes,0.055,baseline_easy_w5_n5_d0.csv
Elastic_L70_C10 + Manual Upsampling_G0,0,0.663,origin of Elastic_L70_C10 + Manual Upsampling,✅ Yes,0.055,baseline_easy_w5_n5_d0.csv
Elastic_L70_C10 + SMOTE_G0,0,0.672,origin of Elastic_L70_C10 + SMOTE,✅ Yes,0.055,baseline_easy_w5_n5_d0.csv
Elastic_L70_C10 + ADASYN_G0,0,0.479,origin of Elastic_L70_C10 + ADASYN,✅ Yes,0.055,baseline_easy_w5_n5_d0.csv
Elastic_L70_C10 + Borderline SMOTE_G0,0,0.511,origin of Elastic_L70_C10 + Borderline SMOTE,✅ Yes,0.055,baseline_easy_w5_n5_d0.csv
Elastic_L70_C10 + SMOTETomek_G0,0,0.672,origin of Elastic_L70_C10 + SMOTETomek,✅ Yes,0.055,baseline_easy_w5_n5_d0.csv
Elastic_L70_C10 + SMOTEENN_G0,0,0.656,origin of Elastic_L70_C10 + SMOTEENN,✅ Yes,0.055,baseline_easy_w5_n5_d0.csv
Elastic_L70_C10 + Random Undersample_G0,0,0.625,origin of Elastic_L70_C10 + Random Undersample,✅ Yes,0.055,baseline_easy_w5_n5_d0.csv
Elastic_L70_C10 + Cluster Centroids_G0,0,0.645,origin of Elastic_L70_C10 + Cluster Centroids,✅ Yes,0.055,baseline_easy_w5_n5_d0.csv
Elastic_L70_C10 + No Resampling_G0,0,0.668,origin of Elastic_L70_C10 + No Resampling,✅ Yes,0.055,baseline_easy_w5_n5_d0.csv
Elastic_L100_C10 + Manual Upsampling_G0,0,0.663,origin of Elastic_L100_C10 + Manual Upsampling,✅ Yes,0.055,baseline_easy_w5_n5_d0.csv
Elastic_L100_C10 + SMOTE_G0,0,0.67,origin of Elastic_L100_C10 + SMOTE,✅ Yes,0.055,baseline_easy_w5_n5_d0.csv
Elastic_L100_C10 + ADASYN_G0,0,0.479,origin of Elastic_L100_C10 + ADASYN,✅ Yes,0.055,baseline_easy_w5_n5_d0.csv
Elastic_L100_C10 + Borderline SMOTE_G0,0,0.512,origin of Elastic_L100_C10 + Borderline SMOTE,✅ Yes,0.055,baseline_easy_w5_n5_d0.csv
Elastic_L100_C10 + SMOTETomek_G0,0,0.67,origin of Elastic_L100_C10 + SMOTETomek,✅ Yes,0.055,baseline_easy_w5_n5_d0.csv
Elastic_L100_C10 + SMOTEENN_G0,0,0.656,origin of Elastic_L100_C10 + SMOTEENN,✅ Yes,0.055,baseline_easy_w5_n5_d0.csv
Elastic_L100_C10 + Random Undersample_G0,0,0.629,origin of Elastic_L100_C10 + Random Undersample,✅ Yes,0.055,baseline_easy_w5_n5_d0.csv
Elastic_L100_C10 + Cluster Centroids_G0,0,0.655,origin of Elastic_L100_C10 + Cluster Centroids,✅ Yes,0.055,baseline_easy_w5_n5_d0.csv
Elastic_L100_C10 + No Resampling_G0,0,0.67,origin of Elastic_L100_C10 + No Resampling,✅ Yes,0.055,baseline_easy_w5_n5_d0.csv
Elastic_L0_C10 + Manual Upsampling_G0,0,0.661,origin of Elastic_L0_C10 + Manual Upsampling,✅ Yes,0.055,baseline_easy_w5_n5_d0.csv
Elastic_L0_C10 + SMOTE_G0,0,0.667,origin of Elastic_L0_C10 + SMOTE,✅ Yes,0.055,baseline_easy_w5_n5_d0.csv
Elastic_L0_C10 + ADASYN_G0,0,0.48,origin of Elastic_L0_C10 + ADASYN,✅ Yes,0.055,baseline_easy_w5_n5_d0.csv
Elastic_L0_C10 + Borderline SMOTE_G0,0,0.495,origin of Elastic_L0_C10 + Borderline SMOTE,✅ Yes,0.055,baseline_easy_w5_n5_d0.csv
Elastic_L0_C10 + SMOTETomek_G0,0,0.667,origin of Elastic_L0_C10 + SMOTETomek,✅ Yes,0.055,baseline_easy_w5_n5_d0.csv
Elastic_L0_C10 + SMOTEENN_G0,0,0.654,origin of Elastic_L0_C10 + SMOTEENN,✅ Yes,0.055,baseline_easy_w5_n5_d0.csv
Elastic_L0_C10 + Random Undersample_G0,0,0.617,origin of Elastic_L0_C10 + Random Undersample,✅ Yes,0.055,baseline_easy_w5_n5_d0.csv
Elastic_L0_C10 + Cluster Centroids_G0,0,0.642,origin of Elastic_L0_C10 + Cluster Centroids,✅ Yes,0.055,baseline_easy_w5_n5_d0.csv
Elastic_L0_C10 + No Resampling_G0,0,0.667,origin of Elastic_L0_C10 + No Resampling,✅ Yes,0.055,baseline_easy_w5_n5_d0.csv
Elastic_L70_C10 + SMOTE_G1,1,0.673,child of Elastic_L70_C10 + SMOTE_G0,✅ Yes,0.055,baseline_easy_w5_n5_d0.csv
Elastic_L70_C10 + SMOTE_G1,1,0.673,child of Elastic_L70_C10 + SMOTE_G0,✅ Yes,0.055,baseline_easy_w5_n5_d0.csv
Elastic_L70_C10 + SMOTETomek_G1,1,0.672,child of Elastic_L70_C10 + SMOTETomek_G0,✅ Yes,0.055,baseline_easy_w5_n5_d0.csv
Elastic_L70_C10 + SMOTETomek_G1,1,0.673,child of Elastic_L70_C10 + SMOTETomek_G0,✅ Yes,0.055,baseline_easy_w5_n5_d0.csv
Elastic_L50_C5 + SMOTE_G1,1,0.672,child of Elastic_L50_C5 + SMOTE_G0,✅ Yes,0.055,baseline_easy_w5_n5_d0.csv
Elastic_L50_C5 + SMOTE_G1,1,0.672,child of Elastic_L50_C5 + SMOTE_G0,✅ Yes,0.055,baseline_easy_w5_n5_d0.csv
Elastic_L70_C10 + SMOTE_G2,2,0.673,child of Elastic_L70_C10 + SMOTE_G1,✅ Yes,0.055,baseline_easy_w5_n5_d0.csv
Elastic_L70_C10 + SMOTE_G2,2,0.673,child of Elastic_L70_C10 + SMOTE_G1,✅ Yes,0.055,baseline_easy_w5_n5_d0.csv
Elastic_L70_C10 + SMOTE_G2,2,0.672,child of Elastic_L70_C10 + SMOTE_G1,✅ Yes,0.055,baseline_easy_w5_n5_d0.csv
Elastic_L70_C10 + SMOTE_G2,2,0.673,child of Elastic_L70_C10 + SMOTE_G1,✅ Yes,0.055,baseline_easy_w5_n5_d0.csv
Elastic_L70_C10 + SMOTETomek_G2,2,0.672,child of Elastic_L70_C10 + SMOTETomek_G1,✅ Yes,0.055,baseline_easy_w5_n5_d0.csv
Elastic_L70_C10 + SMOTETomek_G2,2,0.672,child of Elastic_L70_C10 + SMOTETomek_G1,✅ Yes,0.055,baseline_easy_w5_n5_d0.csv
Elastic_L70_C10 + SMOTE_G3,3,0.673,child of Elastic_L70_C10 + SMOTE_G2,✅ Yes,0.055,baseline_easy_w5_n5_d0.csv
Elastic_L70_C10 + SMOTE_G3,3,0.673,child of Elastic_L70_C10 + SMOTE_G2,✅ Yes,0.055,baseline_easy_w5_n5_d0.csv
Elastic_L70_C10 + SMOTE_G3,3,0.673,child of Elastic_L70_C10 + SMOTE_G2,✅ Yes,0.055,baseline_easy_w5_n5_d0.csv
Elastic_L70_C10 + SMOTE_G3,3,0.673,child of Elastic_L70_C10 + SMOTE_G2,✅ Yes,0.055,baseline_easy_w5_n5_d0.csv
Elastic_L70_C10 + SMOTE_G3,3,0.672,child of Elastic_L70_C10 + SMOTE_G1,✅ Yes,0.055,baseline_easy_w5_n5_d0.csv
Elastic_L70_C10 + SMOTE_G3,3,0.673,child of Elastic_L70_C10 + SMOTE_G1,✅ Yes,0.055,baseline_easy_w5_n5_d0.csv
Elastic_L70_C10 + SMOTE_G4,4,0.673,child of Elastic_L70_C10 + SMOTE_G3,✅ Yes,0.055,baseline_easy_w5_n5_d0.csv
Elastic_L70_C10 + SMOTE_G4,4,0.673,child of Elastic_L70_C10 + SMOTE_G3,✅ Yes,0.055,baseline_easy_w5_n5_d0.csv
Elastic_L70_C10 + SMOTE_G4,4,0.673,child of Elastic_L70_C10 + SMOTE_G3,✅ Yes,0.055,baseline_easy_w5_n5_d0.csv
Elastic_L70_C10 + SMOTE_G4,4,0.673,child of Elastic_L70_C10 + SMOTE_G3,✅ Yes,0.055,baseline_easy_w5_n5_d0.csv
Elastic_L70_C10 + SMOTE_G4,4,0.673,child of Elastic_L70_C10 + SMOTE_G3,✅ Yes,0.055,baseline_easy_w5_n5_d0.csv
Elastic_L70_C10 + SMOTE_G4,4,0.673,child of Elastic_L70_C10 + SMOTE_G3,✅ Yes,0.055,baseline_easy_w5_n5_d0.csv
Elastic_L70_C10 + SMOTE_G5,5,0.673,child of Elastic_L70_C10 + SMOTE_G4,✅ Yes,0.055,baseline_easy_w5_n5_d0.csv
Elastic_L70_C10 + SMOTE_G5,5,0.673,child of Elastic_L70_C10 + SMOTE_G4,✅ Yes,0.055,baseline_easy_w5_n5_d0.csv
Elastic_L70_C10 + SMOTE_G5,5,0.673,child of Elastic_L70_C10 + SMOTE_G3,✅ Yes,0.055,baseline_easy_w5_n5_d0.csv
Elastic_L70_C10 + SMOTE_G5,5,0.673,child of Elastic_L70_C10 + SMOTE_G3,✅ Yes,0.055,baseline_easy_w5_n5_d0.csv
Elastic_L70_C10 + SMOTE_G5,5,0.673,child of Elastic_L70_C10 + SMOTE_G4,✅ Yes,0.055,baseline_easy_w5_n5_d0.csv
Elastic_L70_C10 + SMOTE_G5,5,0.673,child of Elastic_L70_C10 + SMOTE_G4,✅ Yes,0.055,baseline_easy_w5_n5_d0.csv
Elastic_L70_C10 + SMOTE_G6,6,0.673,child of Elastic_L70_C10 + SMOTE_G4,✅ Yes,0.055,baseline_easy_w5_n5_d0.csv
Elastic_L70_C10 + SMOTE_G6,6,0.673,child of Elastic_L70_C10 + SMOTE_G4,✅ Yes,0.055,baseline_easy_w5_n5_d0.csv
Elastic_L70_C10 + SMOTE_G6,6,0.673,child of Elastic_L70_C10 + SMOTE_G3,✅ Yes,0.055,baseline_easy_w5_n5_d0.csv
Elastic_L70_C10 + SMOTE_G6,6,0.673,child of Elastic_L70_C10 + SMOTE_G3,✅ Yes,0.055,baseline_easy_w5_n5_d0.csv
Elastic_L70_C10 + SMOTE_G6,6,0.673,child of Elastic_L70_C10 + SMOTE_G5,✅ Yes,0.055,baseline_easy_w5_n5_d0.csv
Elastic_L70_C10 + SMOTE_G6,6,0.673,child of Elastic_L70_C10 + SMOTE_G5,✅ Yes,0.055,baseline_easy_w5_n5_d0.csv
Elastic_L70_C10 + SMOTE_G7,7,0.673,child of Elastic_L70_C10 + SMOTE_G4,✅ Yes,0.055,baseline_easy_w5_n5_d0.csv
Elastic_L70_C10 + SMOTE_G7,7,0.673,child of Elastic_L70_C10 + SMOTE_G4,✅ Yes,0.055,baseline_easy_w5_n5_d0.csv
Elastic_L70_C10 + SMOTE_G7,7,0.673,child of Elastic_L70_C10 + SMOTE_G6,✅ Yes,0.055,baseline_easy_w5_n5_d0.csv
Elastic_L70_C10 + SMOTE_G7,7,0.673,child of Elastic_L70_C10 + SMOTE_G6,✅ Yes,0.055,baseline_easy_w5_n5_d0.csv
Elastic_L70_C10 + SMOTE_G7,7,0.673,child of Elastic_L70_C10 + SMOTE_G3,✅ Yes,0.055,baseline_easy_w5_n5_d0.csv
Elastic_L70_C10 + SMOTE_G7,7,0.673,child of Elastic_L70_C10 + SMOTE_G3,✅ Yes,0.055,baseline_easy_w5_n5_d0.csv
Elastic_L70_C10 + SMOTE_G8,8,0.673,child of Elastic_L70_C10 + SMOTE_G4,✅ Yes,0.055,baseline_easy_w5_n5_d0.csv
Elastic_L70_C10 + SMOTE_G8,8,0.673,child of Elastic_L70_C10 + SMOTE_G4,✅ Yes,0.055,baseline_easy_w5_n5_d0.csv
Elastic_L70_C10 + SMOTE_G8,8,0.673,child of Elastic_L70_C10 + SMOTE_G7,✅ Yes,0.055,baseline_easy_w5_n5_d0.csv
Elastic_L70_C10 + SMOTE_G8,8,0.673,child of Elastic_L70_C10 + SMOTE_G7,✅ Yes,0.055,baseline_easy_w5_n5_d0.csv
Elastic_L70_C10 + SMOTE_G8,8,0.673,child of Elastic_L70_C10 + SMOTE_G6,✅ Yes,0.055,baseline_easy_w5_n5_d0.csv
Elastic_L70_C10 + SMOTE_G8,8,0.673,child of Elastic_L70_C10 + SMOTE_G6,✅ Yes,0.055,baseline_easy_w5_n5_d0.csv
Elastic_L70_C10 + SMOTE_G9,9,0.673,child of Elastic_L70_C10 + SMOTE_G4,✅ Yes,0.055,baseline_easy_w5_n5_d0.csv
Elastic_L70_C10 + SMOTE_G9,9,0.673,child of Elastic_L70_C10 + SMOTE_G4,✅ Yes,0.055,baseline_easy_w5_n5_d0.csv
Elastic_L70_C10 + SMOTE_G9,9,0.673,child of Elastic_L70_C10 + SMOTE_G8,✅ Yes,0.055,baseline_easy_w5_n5_d0.csv
Elastic_L70_C10 + SMOTE_G9,9,0.673,child of Elastic_L70_C10 + SMOTE_G8,✅ Yes,0.055,baseline_easy_w5_n5_d0.csv
Elastic_L70_C10 + SMOTE_G9,9,0.673,child of Elastic_L70_C10 + SMOTE_G7,✅ Yes,0.055,baseline_easy_w5_n5_d0.csv
Elastic_L70_C10 + SMOTE_G9,9,0.673,child of Elastic_L70_C10 + SMOTE_G7,✅ Yes,0.055,baseline_easy_w5_n5_d0.csv
Elastic_L70_C10 + SMOTE_G10,10,0.673,child of Elastic_L70_C10 + SMOTE_G9,✅ Yes,0.055,baseline_easy_w5_n5_d0.csv
Elastic_L70_C10 + SMOTE_G10,10,0.673,child of Elastic_L70_C10 + SMOTE_G9,✅ Yes,0.055,baseline_easy_w5_n5_d0.csv
Elastic_L70_C10 + SMOTE_G10,10,0.673,child of Elastic_L70_C10 + SMOTE_G4,✅ Yes,0.055,baseline_easy_w5_n5_d0.csv
Elastic_L70_C10 + SMOTE_G10,10,0.673,child of Elastic_L70_C10 + SMOTE_G4,✅ Yes,0.055,baseline_easy_w5_n5_d0.csv
Elastic_L70_C10 + SMOTE_G10,10,0.673,child of Elastic_L70_C10 + SMOTE_G8,✅ Yes,0.055,baseline_easy_w5_n5_d0.csv
Elastic_L70_C10 + SMOTE_G10,10,0.673,child of Elastic_L70_C10 + SMOTE_G8,✅ Yes,0.055,baseline_easy_w5_n5_d0.csv
Elastic_L70_C10 + Manual Upsampling_G0,0,0.156,origin of Elastic_L70_C10 + Manual Upsampling,✅ Yes,0.045,mixed_realistic_w4_n15_d30.csv
Elastic_L70_C10 + SMOTE_G0,0,0.15,origin of Elastic_L70_C10 + SMOTE,✅ Yes,0.045,mixed_realistic_w4_n15_d30.csv
Elastic_L70_C10 + ADASYN_G0,0,0.158,origin of Elastic_L70_C10 + ADASYN,✅ Yes,0.045,mixed_realistic_w4_n15_d30.csv
Elastic_L70_C10 + Borderline SMOTE_G0,0,0.146,origin of Elastic_L70_C10 + Borderline SMOTE,✅ Yes,0.045,mixed_realistic_w4_n15_d30.csv
Elastic_L70_C10 + SMOTETomek_G0,0,0.15,origin of Elastic_L70_C10 + SMOTETomek,✅ Yes,0.045,mixed_realistic_w4_n15_d30.csv
Elastic_L70_C10 + SMOTEENN_G0,0,0.144,origin of Elastic_L70_C10 + SMOTEENN,✅ Yes,0.045,mixed_realistic_w4_n15_d30.csv
Elastic_L70_C10 + Random Undersample_G0,0,0.148,origin of Elastic_L70_C10 + Random Undersample,✅ Yes,0.045,mixed_realistic_w4_n15_d30.csv
Elastic_L70_C10 + Cluster Centroids_G0,0,0.187,origin of Elastic_L70_C10 + Cluster Centroids,✅ Yes,0.045,mixed_realistic_w4_n15_d30.csv
Elastic_L70_C10 + No Resampling_G0,0,0.158,origin of Elastic_L70_C10 + No Resampling,✅ Yes,0.045,mixed_realistic_w4_n15_d30.csv
Elastic_L70_C10 + Manual Upsampling_G0,0,0.156,origin of Elastic_L70_C10 + Manual Upsampling,✅ Yes,0.045,mixed_realistic_w4_n15_d30.csv
Elastic_L70_C10 + SMOTE_G0,0,0.15,origin of Elastic_L70_C10 + SMOTE,✅ Yes,0.045,mixed_realistic_w4_n15_d30.csv
Elastic_L70_C10 + ADASYN_G0,0,0.158,origin of Elastic_L70_C10 + ADASYN,✅ Yes,0.045,mixed_realistic_w4_n15_d30.csv
Elastic_L70_C10 + Borderline SMOTE_G0,0,0.146,origin of Elastic_L70_C10 + Borderline SMOTE,✅ Yes,0.045,mixed_realistic_w4_n15_d30.csv
Elastic_L70_C10 + SMOTETomek_G0,0,0.15,origin of Elastic_L70_C10 + SMOTETomek,✅ Yes,0.045,mixed_realistic_w4_n15_d30.csv
Elastic_L70_C10 + SMOTEENN_G0,0,0.145,origin of Elastic_L70_C10 + SMOTEENN,✅ Yes,0.045,mixed_realistic_w4_n15_d30.csv
Elastic_L70_C10 + Random Undersample_G0,0,0.148,origin of Elastic_L70_C10 + Random Undersample,✅ Yes,0.045,mixed_realistic_w4_n15_d30.csv
Elastic_L70_C10 + Cluster Centroids_G0,0,0.187,origin of Elastic_L70_C10 + Cluster Centroids,✅ Yes,0.045,mixed_realistic_w4_n15_d30.csv
Elastic_L70_C10 + No Resampling_G0,0,0.158,origin of Elastic_L70_C10 + No Resampling,✅ Yes,0.045,mixed_realistic_w4_n15_d30.csv
Elastic_L70_C10 + Manual Upsampling_G0,0,0.156,origin of Elastic_L70_C10 + Manual Upsampling,✅ Yes,0.045,mixed_realistic_w4_n15_d30.csv
Elastic_L70_C10 + SMOTE_G0,0,0.15,origin of Elastic_L70_C10 + SMOTE,✅ Yes,0.045,mixed_realistic_w4_n15_d30.csv
Elastic_L70_C10 + ADASYN_G0,0,0.158,origin of Elastic_L70_C10 + ADASYN,✅ Yes,0.045,mixed_realistic_w4_n15_d30.csv
Elastic_L70_C10 + Borderline SMOTE_G0,0,0.146,origin of Elastic_L70_C10 + Borderline SMOTE,✅ Yes,0.045,mixed_realistic_w4_n15_d30.csv
Elastic_L70_C10 + SMOTETomek_G0,0,0.15,origin of Elastic_L70_C10 + SMOTETomek,✅ Yes,0.045,mixed_realistic_w4_n15_d30.csv
Elastic_L70_C10 + SMOTEENN_G0,0,0.145,origin of Elastic_L70_C10 + SMOTEENN,✅ Yes,0.045,mixed_realistic_w4_n15_d30.csv
Elastic_L70_C10 + Random Undersample_G0,0,0.148,origin of Elastic_L70_C10 + Random Undersample,✅ Yes,0.045,mixed_realistic_w4_n15_d30.csv
Elastic_L70_C10 + Cluster Centroids_G0,0,0.187,origin of Elastic_L70_C10 + Cluster Centroids,✅ Yes,0.045,mixed_realistic_w4_n15_d30.csv
Elastic_L70_C10 + No Resampling_G0,0,0.158,origin of Elastic_L70_C10 + No Resampling,✅ Yes,0.045,mixed_realistic_w4_n15_d30.csv
Elastic_L70_C10 + Cluster Centroids_G1,1,0.188,child of Elastic_L70_C10 + Cluster Centroids_G0,✅ Yes,0.045,mixed_realistic_w4_n15_d30.csv
Elastic_L70_C10 + Cluster Centroids_G1,1,0.188,child of Elastic_L70_C10 + Cluster Centroids_G0,✅ Yes,0.045,mixed_realistic_w4_n15_d30.csv
Elastic_L70_C10 + Cluster Centroids_G1,1,0.188,child of Elastic_L70_C10 + Cluster Centroids_G0,✅ Yes,0.045,mixed_realistic_w4_n15_d30.csv
Elastic_L70_C10 + Cluster Centroids_G1,1,0.187,child of Elastic_L70_C10 + Cluster Centroids_G0,✅ Yes,0.045,mixed_realistic_w4_n15_d30.csv
Elastic_L70_C10 + Cluster Centroids_G1,1,0.188,child of Elastic_L70_C10 + Cluster Centroids_G0,✅ Yes,0.045,mixed_realistic_w4_n15_d30.csv
Elastic_L70_C10 + Cluster Centroids_G1,1,0.187,child of Elastic_L70_C10 + Cluster Centroids_G0,✅ Yes,0.045,mixed_realistic_w4_n15_d30.csv
Elastic_L70_C10 + Cluster Centroids_G2,2,0.188,child of Elastic_L70_C10 + Cluster Centroids_G1,✅ Yes,0.045,mixed_realistic_w4_n15_d30.csv
Elastic_L70_C10 + Cluster Centroids_G2,2,0.188,child of Elastic_L70_C10 + Cluster Centroids_G1,✅ Yes,0.045,mixed_realistic_w4_n15_d30.csv
Elastic_L70_C10 + Cluster Centroids_G2,2,0.188,child of Elastic_L70_C10 + Cluster Centroids_G1,✅ Yes,0.045,mixed_realistic_w4_n15_d30.csv
Elastic_L70_C10 + Cluster Centroids_G2,2,0.188,child of Elastic_L70_C10 + Cluster Centroids_G1,✅ Yes,0.045,mixed_realistic_w4_n15_d30.csv
Elastic_L70_C10 + Cluster Centroids_G2,2,0.188,child of Elastic_L70_C10 + Cluster Centroids_G1,✅ Yes,0.045,mixed_realistic_w4_n15_d30.csv
Elastic_L70_C10 + Cluster Centroids_G2,2,0.188,child of Elastic_L70_C10 + Cluster Centroids_G1,✅ Yes,0.045,mixed_realistic_w4_n15_d30.csv
Elastic_L70_C10 + Cluster Centroids_G3,3,0.188,child of Elastic_L70_C10 + Cluster Centroids_G2,✅ Yes,0.045,mixed_realistic_w4_n15_d30.csv
Elastic_L70_C10 + Cluster Centroids_G3,3,0.188,child of Elastic_L70_C10 + Cluster Centroids_G2,✅ Yes,0.045,mixed_realistic_w4_n15_d30.csv
Elastic_L70_C10 + Cluster Centroids_G3,3,0.188,child of Elastic_L70_C10 + Cluster Centroids_G2,✅ Yes,0.045,mixed_realistic_w4_n15_d30.csv
Elastic_L70_C10 + Cluster Centroids_G3,3,0.188,child of Elastic_L70_C10 + Cluster Centroids_G2,✅ Yes,0.045,mixed_realistic_w4_n15_d30.csv
Elastic_L70_C10 + Cluster Centroids_G3,3,0.188,child of Elastic_L70_C10 + Cluster Centroids_G1,✅ Yes,0.045,mixed_realistic_w4_n15_d30.csv
Elastic_L70_C10 + Cluster Centroids_G3,3,0.188,child of Elastic_L70_C10 + Cluster Centroids_G1,✅ Yes,0.045,mixed_realistic_w4_n15_d30.csv
Elastic_L70_C10 + Cluster Centroids_G4,4,0.188,child of Elastic_L70_C10 + Cluster Centroids_G3,✅ Yes,0.045,mixed_realistic_w4_n15_d30.csv
Elastic_L70_C10 + Cluster Centroids_G4,4,0.188,child of Elastic_L70_C10 + Cluster Centroids_G3,✅ Yes,0.045,mixed_realistic_w4_n15_d30.csv
Elastic_L70_C10 + Cluster Centroids_G4,4,0.188,child of Elastic_L70_C10 + Cluster Centroids_G3,✅ Yes,0.045,mixed_realistic_w4_n15_d30.csv
Elastic_L70_C10 + Cluster Centroids_G4,4,0.188,child of Elastic_L70_C10 + Cluster Centroids_G3,✅ Yes,0.045,mixed_realistic_w4_n15_d30.csv
Elastic_L70_C10 + Cluster Centroids_G4,4,0.188,child of Elastic_L70_C10 + Cluster Centroids_G2,✅ Yes,0.045,mixed_realistic_w4_n15_d30.csv
Elastic_L70_C10 + Cluster Centroids_G4,4,0.187,child of Elastic_L70_C10 + Cluster Centroids_G2,✅ Yes,0.045,mixed_realistic_w4_n15_d30.csv
Elastic_L70_C10 + Cluster Centroids_G5,5,0.188,child of Elastic_L70_C10 + Cluster Centroids_G3,✅ Yes,0.045,mixed_realistic_w4_n15_d30.csv
Elastic_L70_C10 + Cluster Centroids_G5,5,0.19,child of Elastic_L70_C10 + Cluster Centroids_G3,✅ Yes,0.045,mixed_realistic_w4_n15_d30.csv
Elastic_L70_C10 + Cluster Centroids_G5,5,0.188,child of Elastic_L70_C10 + Cluster Centroids_G3,✅ Yes,0.045,mixed_realistic_w4_n15_d30.csv
Elastic_L70_C10 + Cluster Centroids_G5,5,0.188,child of Elastic_L70_C10 + Cluster Centroids_G3,✅ Yes,0.045,mixed_realistic_w4_n15_d30.csv
Elastic_L70_C10 + Cluster Centroids_G5,5,0.189,child of Elastic_L70_C10 + Cluster Centroids_G2,✅ Yes,0.045,mixed_realistic_w4_n15_d30.csv
Elastic_L70_C10 + Cluster Centroids_G5,5,0.188,child of Elastic_L70_C10 + Cluster Centroids_G2,✅ Yes,0.045,mixed_realistic_w4_n15_d30.csv
Elastic_L70_C10 + Cluster Centroids_G6,6,0.191,child of Elastic_L70_C10 + Cluster Centroids_G5,✅ Yes,0.045,mixed_realistic_w4_n15_d30.csv
Elastic_L70_C10 + Cluster Centroids_G6,6,0.191,child of Elastic_L70_C10 + Cluster Centroids_G5,✅ Yes,0.045,mixed_realistic_w4_n15_d30.csv
Elastic_L70_C10 + Cluster Centroids_G6,6,0.19,child of Elastic_L70_C10 + Cluster Centroids_G5,✅ Yes,0.045,mixed_realistic_w4_n15_d30.csv
Elastic_L70_C10 + Cluster Centroids_G6,6,0.188,child of Elastic_L70_C10 + Cluster Centroids_G5,✅ Yes,0.045,mixed_realistic_w4_n15_d30.csv
Elastic_L70_C10 + Cluster Centroids_G6,6,0.189,child of Elastic_L70_C10 + Cluster Centroids_G3,✅ Yes,0.045,mixed_realistic_w4_n15_d30.csv
Elastic_L70_C10 + Cluster Centroids_G6,6,0.188,child of Elastic_L70_C10 + Cluster Centroids_G3,✅ Yes,0.045,mixed_realistic_w4_n15_d30.csv
Elastic_L70_C10 + Cluster Centroids_G7,7,0.191,child of Elastic_L70_C10 + Cluster Centroids_G6,✅ Yes,0.045,mixed_realistic_w4_n15_d30.csv
Elastic_L70_C10 + Cluster Centroids_G7,7,0.192,child of Elastic_L70_C10 + Cluster Centroids_G6,✅ Yes,0.045,mixed_realistic_w4_n15_d30.csv
Elastic_L70_C10 + Cluster Centroids_G7,7,0.192,child of Elastic_L70_C10 + Cluster Centroids_G6,✅ Yes,0.045,mixed_realistic_w4_n15_d30.csv
Elastic_L70_C10 + Cluster Centroids_G7,7,0.19,child of Elastic_L70_C10 + Cluster Centroids_G6,✅ Yes,0.045,mixed_realistic_w4_n15_d30.csv
Elastic_L70_C10 + Cluster Centroids_G7,7,0.188,child of Elastic_L70_C10 + Cluster Centroids_G5,✅ Yes,0.045,mixed_realistic_w4_n15_d30.csv
Elastic_L70_C10 + Cluster Centroids_G7,7,0.191,child of Elastic_L70_C10 + Cluster Centroids_G5,✅ Yes,0.045,mixed_realistic_w4_n15_d30.csv
Elastic_L70_C10 + Cluster Centroids_G8,8,0.192,child of Elastic_L70_C10 + Cluster Centroids_G7,✅ Yes,0.045,mixed_realistic_w4_n15_d30.csv
Elastic_L70_C10 + Cluster Centroids_G8,8,0.192,child of Elastic_L70_C10 + Cluster Centroids_G7,✅ Yes,0.045,mixed_realistic_w4_n15_d30.csv
Elastic_L70_C10 + Cluster Centroids_G8,8,0.191,child of Elastic_L70_C10 + Cluster Centroids_G7,✅ Yes,0.045,mixed_realistic_w4_n15_d30.csv
Elastic_L70_C10 + Cluster Centroids_G8,8,0.192,child of Elastic_L70_C10 + Cluster Centroids_G7,✅ Yes,0.045,mixed_realistic_w4_n15_d30.csv
Elastic_L70_C10 + Cluster Centroids_G8,8,0.191,child of Elastic_L70_C10 + Cluster Centroids_G6,✅ Yes,0.045,mixed_realistic_w4_n15_d30.csv
Elastic_L70_C10 + Cluster Centroids_G8,8,0.191,child of Elastic_L70_C10 + Cluster Centroids_G6,✅ Yes,0.045,mixed_realistic_w4_n15_d30.csv
Elastic_L70_C10 + Cluster Centroids_G9,9,0.192,child of Elastic_L70_C10 + Cluster Centroids_G7,✅ Yes,0.045,mixed_realistic_w4_n15_d30.csv
Elastic_L70_C10 + Cluster Centroids_G9,9,0.192,child of Elastic_L70_C10 + Cluster Centroids_G7,✅ Yes,0.045,mixed_realistic_w4_n15_d30.csv
Elastic_L70_C10 + Cluster Centroids_G9,9,0.192,child of Elastic_L70_C10 + Cluster Centroids_G8,✅ Yes,0.045,mixed_realistic_w4_n15_d30.csv
Elastic_L70_C10 + Cluster Centroids_G9,9,0.192,child of Elastic_L70_C10 + Cluster Centroids_G8,✅ Yes,0.045,mixed_realistic_w4_n15_d30.csv
Elastic_L70_C10 + Cluster Centroids_G9,9,0.193,child of Elastic_L70_C10 + Cluster Centroids_G8,✅ Yes,0.045,mixed_realistic_w4_n15_d30.csv
Elastic_L70_C10 + Cluster Centroids_G9,9,0.193,child of Elastic_L70_C10 + Cluster Centroids_G8,✅ Yes,0.045,mixed_realistic_w4_n15_d30.csv
Elastic_L70_C10 + Cluster Centroids_G10,10,0.192,child of Elastic_L70_C10 + Cluster Centroids_G9,✅ Yes,0.045,mixed_realistic_w4_n15_d30.csv
Elastic_L70_C10 + Cluster Centroids_G10,10,0.201,child of Elastic_L70_C10 + Cluster Centroids_G9,✅ Yes,0.045,mixed_realistic_w4_n15_d30.csv
Elastic_L70_C10 + Cluster Centroids_G10,10,0.192,child of Elastic_L70_C10 + Cluster Centroids_G9,✅ Yes,0.045,mixed_realistic_w4_n15_d30.csv
Elastic_L70_C10 + Cluster Centroids_G10,10,0.192,child of Elastic_L70_C10 + Cluster Centroids_G9,✅ Yes,0.045,mixed_realistic_w4_n15_d30.csv
Elastic_L70_C10 + Cluster Centroids_G10,10,0.192,child of Elastic_L70_C10 + Cluster Centroids_G9,✅ Yes,0.045,mixed_realistic_w4_n15_d30.csv
Elastic_L70_C10 + Cluster Centroids_G10,10,0.201,child of Elastic_L70_C10 + Cluster Centroids_G9,✅ Yes,0.045,mixed_realistic_w4_n15_d30.csv
Elastic_L70_C10 + Manual Upsampling_G0,0,0.165,origin of Elastic_L70_C10 + Manual Upsampling,✅ Yes,0.036,high_drift_w3_n10_d60.csv
Elastic_L70_C10 + SMOTE_G0,0,0.163,origin of Elastic_L70_C10 + SMOTE,✅ Yes,0.036,high_drift_w3_n10_d60.csv
Elastic_L70_C10 + ADASYN_G0,0,0.158,origin of Elastic_L70_C10 + ADASYN,✅ Yes,0.036,high_drift_w3_n10_d60.csv
Elastic_L70_C10 + Borderline SMOTE_G0,0,0.175,origin of Elastic_L70_C10 + Borderline SMOTE,✅ Yes,0.036,high_drift_w3_n10_d60.csv
Elastic_L70_C10 + SMOTETomek_G0,0,0.163,origin of Elastic_L70_C10 + SMOTETomek,✅ Yes,0.036,high_drift_w3_n10_d60.csv
Elastic_L70_C10 + SMOTEENN_G0,0,0.141,origin of Elastic_L70_C10 + SMOTEENN,✅ Yes,0.036,high_drift_w3_n10_d60.csv
Elastic_L70_C10 + Random Undersample_G0,0,0.133,origin of Elastic_L70_C10 + Random Undersample,✅ Yes,0.036,high_drift_w3_n10_d60.csv
Elastic_L70_C10 + Cluster Centroids_G0,0,0.159,origin of Elastic_L70_C10 + Cluster Centroids,✅ Yes,0.036,high_drift_w3_n10_d60.csv
Elastic_L70_C10 + No Resampling_G0,0,0.165,origin of Elastic_L70_C10 + No Resampling,✅ Yes,0.036,high_drift_w3_n10_d60.csv
Elastic_L70_C10 + Manual Upsampling_G0,0,0.151,origin of Elastic_L70_C10 + Manual Upsampling,✅ Yes,0.036,high_drift_w3_n10_d60.csv
Elastic_L70_C10 + SMOTE_G0,0,0.161,origin of Elastic_L70_C10 + SMOTE,✅ Yes,0.036,high_drift_w3_n10_d60.csv
Elastic_L70_C10 + ADASYN_G0,0,0.159,origin of Elastic_L70_C10 + ADASYN,✅ Yes,0.036,high_drift_w3_n10_d60.csv
Elastic_L70_C10 + Borderline SMOTE_G0,0,0.177,origin of Elastic_L70_C10 + Borderline SMOTE,✅ Yes,0.036,high_drift_w3_n10_d60.csv
Elastic_L70_C10 + SMOTETomek_G0,0,0.161,origin of Elastic_L70_C10 + SMOTETomek,✅ Yes,0.036,high_drift_w3_n10_d60.csv
Elastic_L70_C10 + SMOTEENN_G0,0,0.141,origin of Elastic_L70_C10 + SMOTEENN,✅ Yes,0.036,high_drift_w3_n10_d60.csv
Elastic_L70_C10 + Random Undersample_G0,0,0.134,origin of Elastic_L70_C10 + Random Undersample,✅ Yes,0.036,high_drift_w3_n10_d60.csv
Elastic_L70_C10 + Cluster Centroids_G0,0,0.162,origin of Elastic_L70_C10 + Cluster Centroids,✅ Yes,0.036,high_drift_w3_n10_d60.csv
Elastic_L70_C10 + No Resampling_G0,0,0.167,origin of Elastic_L70_C10 + No Resampling,✅ Yes,0.036,high_drift_w3_n10_d60.csv
Elastic_L70_C10 + Manual Upsampling_G0,0,0.164,origin of Elastic_L70_C10 + Manual Upsampling,✅ Yes,0.036,high_drift_w3_n10_d60.csv
Elastic_L70_C10 + SMOTE_G0,0,0.162,origin of Elastic_L70_C10 + SMOTE,✅ Yes,0.036,high_drift_w3_n10_d60.csv
Elastic_L70_C10 + ADASYN_G0,0,0.158,origin of Elastic_L70_C10 + ADASYN,✅ Yes,0.036,high_drift_w3_n10_d60.csv
Elastic_L70_C10 + Borderline SMOTE_G0,0,0.175,origin of Elastic_L70_C10 + Borderline SMOTE,✅ Yes,0.036,high_drift_w3_n10_d60.csv
Elastic_L70_C10 + SMOTETomek_G0,0,0.162,origin of Elastic_L70_C10 + SMOTETomek,✅ Yes,0.036,high_drift_w3_n10_d60.csv
Elastic_L70_C10 + SMOTEENN_G0,0,0.141,origin of Elastic_L70_C10 + SMOTEENN,✅ Yes,0.036,high_drift_w3_n10_d60.csv
Elastic_L70_C10 + Random Undersample_G0,0,0.131,origin of Elastic_L70_C10 + Random Undersample,✅ Yes,0.036,high_drift_w3_n10_d60.csv
Elastic_L70_C10 + Cluster Centroids_G0,0,0.144,origin of Elastic_L70_C10 + Cluster Centroids,✅ Yes,0.036,high_drift_w3_n10_d60.csv
Elastic_L70_C10 + No Resampling_G0,0,0.165,origin of Elastic_L70_C10 + No Resampling,✅ Yes,0.036,high_drift_w3_n10_d60.csv
Elastic_L70_C10 + Borderline SMOTE_G1,1,0.177,child of Elastic_L70_C10 + Borderline SMOTE_G0,✅ Yes,0.036,high_drift_w3_n10_d60.csv
Elastic_L70_C10 + Borderline SMOTE_G1,1,0.177,child of Elastic_L70_C10 + Borderline SMOTE_G0,✅ Yes,0.036,high_drift_w3_n10_d60.csv
Elastic_L70_C10 + Borderline SMOTE_G1,1,0.177,child of Elastic_L70_C10 + Borderline SMOTE_G0,✅ Yes,0.036,high_drift_w3_n10_d60.csv
Elastic_L70_C10 + Borderline SMOTE_G1,1,0.177,child of Elastic_L70_C10 + Borderline SMOTE_G0,✅ Yes,0.036,high_drift_w3_n10_d60.csv
Elastic_L70_C10 + Borderline SMOTE_G1,1,0.177,child of Elastic_L70_C10 + Borderline SMOTE_G0,✅ Yes,0.036,high_drift_w3_n10_d60.csv
Elastic_L70_C10 + Borderline SMOTE_G1,1,0.177,child of Elastic_L70_C10 + Borderline SMOTE_G0,✅ Yes,0.036,high_drift_w3_n10_d60.csv
Elastic_L70_C10 + Borderline SMOTE_G2,2,0.177,child of Elastic_L70_C10 + Borderline SMOTE_G1,✅ Yes,0.036,high_drift_w3_n10_d60.csv
Elastic_L70_C10 + Borderline SMOTE_G2,2,0.177,child of Elastic_L70_C10 + Borderline SMOTE_G1,✅ Yes,0.036,high_drift_w3_n10_d60.csv
Elastic_L70_C10 + Borderline SMOTE_G2,2,0.177,child of Elastic_L70_C10 + Borderline SMOTE_G1,✅ Yes,0.036,high_drift_w3_n10_d60.csv
Elastic_L70_C10 + Borderline SMOTE_G2,2,0.177,child of Elastic_L70_C10 + Borderline SMOTE_G1,✅ Yes,0.036,high_drift_w3_n10_d60.csv
Elastic_L70_C10 + Borderline SMOTE_G2,2,0.177,child of Elastic_L70_C10 + Borderline SMOTE_G1,✅ Yes,0.036,high_drift_w3_n10_d60.csv
Elastic_L70_C10 + Borderline SMOTE_G2,2,0.177,child of Elastic_L70_C10 + Borderline SMOTE_G1,✅ Yes,0.036,high_drift_w3_n10_d60.csv
Elastic_L70_C10 + Borderline SMOTE_G3,3,0.177,child of Elastic_L70_C10 + Borderline SMOTE_G2,✅ Yes,0.036,high_drift_w3_n10_d60.csv
Elastic_L70_C10 + Borderline SMOTE_G3,3,0.177,child of Elastic_L70_C10 + Borderline SMOTE_G2,✅ Yes,0.036,high_drift_w3_n10_d60.csv
Elastic_L70_C10 + Borderline SMOTE_G3,3,0.177,child of Elastic_L70_C10 + Borderline SMOTE_G2,✅ Yes,0.036,high_drift_w3_n10_d60.csv
Elastic_L70_C10 + Borderline SMOTE_G3,3,0.177,child of Elastic_L70_C10 + Borderline SMOTE_G2,✅ Yes,0.036,high_drift_w3_n10_d60.csv
Elastic_L70_C10 + Borderline SMOTE_G3,3,0.177,child of Elastic_L70_C10 + Borderline SMOTE_G1,✅ Yes,0.036,high_drift_w3_n10_d60.csv
Elastic_L70_C10 + Borderline SMOTE_G3,3,0.177,child of Elastic_L70_C10 + Borderline SMOTE_G1,✅ Yes,0.036,high_drift_w3_n10_d60.csv
Elastic_L70_C10 + Borderline SMOTE_G4,4,0.177,child of Elastic_L70_C10 + Borderline SMOTE_G3,✅ Yes,0.036,high_drift_w3_n10_d60.csv
Elastic_L70_C10 + Borderline SMOTE_G4,4,0.177,child of Elastic_L70_C10 + Borderline SMOTE_G3,✅ Yes,0.036,high_drift_w3_n10_d60.csv
Elastic_L70_C10 + Borderline SMOTE_G4,4,0.177,child of Elastic_L70_C10 + Borderline SMOTE_G3,✅ Yes,0.036,high_drift_w3_n10_d60.csv
Elastic_L70_C10 + Borderline SMOTE_G4,4,0.177,child of Elastic_L70_C10 + Borderline SMOTE_G3,✅ Yes,0.036,high_drift_w3_n10_d60.csv
Elastic_L70_C10 + Borderline SMOTE_G4,4,0.177,child of Elastic_L70_C10 + Borderline SMOTE_G3,✅ Yes,0.036,high_drift_w3_n10_d60.csv
Elastic_L70_C10 + Borderline SMOTE_G4,4,0.177,child of Elastic_L70_C10 + Borderline SMOTE_G3,✅ Yes,0.036,high_drift_w3_n10_d60.csv
Elastic_L70_C10 + Borderline SMOTE_G5,5,0.177,child of Elastic_L70_C10 + Borderline SMOTE_G3,✅ Yes,0.036,high_drift_w3_n10_d60.csv
Elastic_L70_C10 + Borderline SMOTE_G5,5,0.177,child of Elastic_L70_C10 + Borderline SMOTE_G3,✅ Yes,0.036,high_drift_w3_n10_d60.csv
Elastic_L70_C10 + Borderline SMOTE_G5,5,0.177,child of Elastic_L70_C10 + Borderline SMOTE_G4,✅ Yes,0.036,high_drift_w3_n10_d60.csv
Elastic_L70_C10 + Borderline SMOTE_G5,5,0.177,child of Elastic_L70_C10 + Borderline SMOTE_G4,✅ Yes,0.036,high_drift_w3_n10_d60.csv
Elastic_L70_C10 + Borderline SMOTE_G5,5,0.177,child of Elastic_L70_C10 + Borderline SMOTE_G4,✅ Yes,0.036,high_drift_w3_n10_d60.csv
Elastic_L70_C10 + Borderline SMOTE_G5,5,0.177,child of Elastic_L70_C10 + Borderline SMOTE_G4,✅ Yes,0.036,high_drift_w3_n10_d60.csv
Elastic_L70_C10 + Borderline SMOTE_G6,6,0.177,child of Elastic_L70_C10 + Borderline SMOTE_G3,✅ Yes,0.036,high_drift_w3_n10_d60.csv
Elastic_L70_C10 + Borderline SMOTE_G6,6,0.177,child of Elastic_L70_C10 + Borderline SMOTE_G3,✅ Yes,0.036,high_drift_w3_n10_d60.csv
Elastic_L70_C10 + Borderline SMOTE_G6,6,0.177,child of Elastic_L70_C10 + Borderline SMOTE_G4,✅ Yes,0.036,high_drift_w3_n10_d60.csv
Elastic_L70_C10 + Borderline SMOTE_G6,6,0.177,child of Elastic_L70_C10 + Borderline SMOTE_G4,✅ Yes,0.036,high_drift_w3_n10_d60.csv
Elastic_L70_C10 + Borderline SMOTE_G6,6,0.177,child of Elastic_L70_C10 + Borderline SMOTE_G5,✅ Yes,0.036,high_drift_w3_n10_d60.csv
Elastic_L70_C10 + Borderline SMOTE_G6,6,0.177,child of Elastic_L70_C10 + Borderline SMOTE_G5,✅ Yes,0.036,high_drift_w3_n10_d60.csv
Elastic_L70_C10 + Borderline SMOTE_G7,7,0.177,child of Elastic_L70_C10 + Borderline SMOTE_G6,✅ Yes,0.036,high_drift_w3_n10_d60.csv
Elastic_L70_C10 + Borderline SMOTE_G7,7,0.177,child of Elastic_L70_C10 + Borderline SMOTE_G6,✅ Yes,0.036,high_drift_w3_n10_d60.csv
Elastic_L70_C10 + Borderline SMOTE_G7,7,0.177,child of Elastic_L70_C10 + Borderline SMOTE_G3,✅ Yes,0.036,high_drift_w3_n10_d60.csv
Elastic_L70_C10 + Borderline SMOTE_G7,7,0.177,child of Elastic_L70_C10 + Borderline SMOTE_G3,✅ Yes,0.036,high_drift_w3_n10_d60.csv
Elastic_L70_C10 + Borderline SMOTE_G7,7,0.177,child of Elastic_L70_C10 + Borderline SMOTE_G4,✅ Yes,0.036,high_drift_w3_n10_d60.csv
Elastic_L70_C10 + Borderline SMOTE_G7,7,0.177,child of Elastic_L70_C10 + Borderline SMOTE_G4,✅ Yes,0.036,high_drift_w3_n10_d60.csv
Elastic_L70_C10 + Borderline SMOTE_G8,8,0.177,child of Elastic_L70_C10 + Borderline SMOTE_G6,✅ Yes,0.036,high_drift_w3_n10_d60.csv
Elastic_L70_C10 + Borderline SMOTE_G8,8,0.177,child of Elastic_L70_C10 + Borderline SMOTE_G6,✅ Yes,0.036,high_drift_w3_n10_d60.csv
Elastic_L70_C10 + Borderline SMOTE_G8,8,0.177,child of Elastic_L70_C10 + Borderline SMOTE_G7,✅ Yes,0.036,high_drift_w3_n10_d60.csv
Elastic_L70_C10 + Borderline SMOTE_G8,8,0.177,child of Elastic_L70_C10 + Borderline SMOTE_G7,✅ Yes,0.036,high_drift_w3_n10_d60.csv
Elastic_L70_C10 + Borderline SMOTE_G8,8,0.177,child of Elastic_L70_C10 + Borderline SMOTE_G7,✅ Yes,0.036,high_drift_w3_n10_d60.csv
Elastic_L70_C10 + Borderline SMOTE_G8,8,0.177,child of Elastic_L70_C10 + Borderline SMOTE_G7,✅ Yes,0.036,high_drift_w3_n10_d60.csv
Elastic_L70_C10 + Borderline SMOTE_G9,9,0.177,child of Elastic_L70_C10 + Borderline SMOTE_G6,✅ Yes,0.036,high_drift_w3_n10_d60.csv
Elastic_L70_C10 + Borderline SMOTE_G9,9,0.178,child of Elastic_L70_C10 + Borderline SMOTE_G6,✅ Yes,0.036,high_drift_w3_n10_d60.csv
Elastic_L70_C10 + Borderline SMOTE_G9,9,0.177,child of Elastic_L70_C10 + Borderline SMOTE_G8,✅ Yes,0.036,high_drift_w3_n10_d60.csv
Elastic_L70_C10 + Borderline SMOTE_G9,9,0.177,child of Elastic_L70_C10 + Borderline SMOTE_G8,✅ Yes,0.036,high_drift_w3_n10_d60.csv
Elastic_L70_C10 + Borderline SMOTE_G9,9,0.177,child of Elastic_L70_C10 + Borderline SMOTE_G7,✅ Yes,0.036,high_drift_w3_n10_d60.csv
Elastic_L70_C10 + Borderline SMOTE_G9,9,0.177,child of Elastic_L70_C10 + Borderline SMOTE_G7,✅ Yes,0.036,high_drift_w3_n10_d60.csv
Elastic_L70_C10 + Borderline SMOTE_G10,10,0.178,child of Elastic_L70_C10 + Borderline SMOTE_G9,✅ Yes,0.036,high_drift_w3_n10_d60.csv
Elastic_L70_C10 + Borderline SMOTE_G10,10,0.177,child of Elastic_L70_C10 + Borderline SMOTE_G9,✅ Yes,0.036,high_drift_w3_n10_d60.csv
Elastic_L70_C10 + Borderline SMOTE_G10,10,0.178,child of Elastic_L70_C10 + Borderline SMOTE_G9,✅ Yes,0.036,high_drift_w3_n10_d60.csv
Elastic_L70_C10 + Borderline SMOTE_G10,10,0.177,child of Elastic_L70_C10 + Borderline SMOTE_G9,✅ Yes,0.036,high_drift_w3_n10_d60.csv
Elastic_L70_C10 + Borderline SMOTE_G10,10,0.178,child of Elastic_L70_C10 + Borderline SMOTE_G9,✅ Yes,0.036,high_drift_w3_n10_d60.csv
Elastic_L70_C10 + Borderline SMOTE_G10,10,0.178,child of Elastic_L70_C10 + Borderline SMOTE_G9,✅ Yes,0.036,high_drift_w3_n10_d60.csv
Elastic_L70_C10 + Manual Upsampling_G0,0,0.038,origin of Elastic_L70_C10 + Manual Upsampling,✅ Yes,0.026,noisy_overlap_w2_n20_d0.csv
Elastic_L70_C10 + SMOTE_G0,0,0.037,origin of Elastic_L70_C10 + SMOTE,✅ Yes,0.026,noisy_overlap_w2_n20_d0.csv
Elastic_L70_C10 + ADASYN_G0,0,0.039,origin of Elastic_L70_C10 + ADASYN,✅ Yes,0.026,noisy_overlap_w2_n20_d0.csv
Elastic_L70_C10 + Borderline SMOTE_G0,0,0.032,origin of Elastic_L70_C10 + Borderline SMOTE,✅ Yes,0.026,noisy_overlap_w2_n20_d0.csv
Elastic_L70_C10 + SMOTETomek_G0,0,0.037,origin of Elastic_L70_C10 + SMOTETomek,✅ Yes,0.026,noisy_overlap_w2_n20_d0.csv
Elastic_L70_C10 + SMOTEENN_G0,0,0.037,origin of Elastic_L70_C10 + SMOTEENN,✅ Yes,0.026,noisy_overlap_w2_n20_d0.csv
Elastic_L70_C10 + Random Undersample_G0,0,0.038,origin of Elastic_L70_C10 + Random Undersample,✅ Yes,0.026,noisy_overlap_w2_n20_d0.csv
Elastic_L70_C10 + Cluster Centroids_G0,0,0.041,origin of Elastic_L70_C10 + Cluster Centroids,✅ Yes,0.026,noisy_overlap_w2_n20_d0.csv
Elastic_L70_C10 + No Resampling_G0,0,0.038,origin of Elastic_L70_C10 + No Resampling,✅ Yes,0.026,noisy_overlap_w2_n20_d0.csv
Elastic_L70_C10 + Manual Upsampling_G0,0,0.038,origin of Elastic_L70_C10 + Manual Upsampling,✅ Yes,0.026,noisy_overlap_w2_n20_d0.csv
Elastic_L70_C10 + SMOTE_G0,0,0.037,origin of Elastic_L70_C10 + SMOTE,✅ Yes,0.026,noisy_overlap_w2_n20_d0.csv
Elastic_L70_C10 + ADASYN_G0,0,0.039,origin of Elastic_L70_C10 + ADASYN,✅ Yes,0.026,noisy_overlap_w2_n20_d0.csv
Elastic_L70_C10 + Borderline SMOTE_G0,0,0.032,origin of Elastic_L70_C10 + Borderline SMOTE,✅ Yes,0.026,noisy_overlap_w2_n20_d0.csv
Elastic_L70_C10 + SMOTETomek_G0,0,0.037,origin of Elastic_L70_C10 + SMOTETomek,✅ Yes,0.026,noisy_overlap_w2_n20_d0.csv
Elastic_L70_C10 + SMOTEENN_G0,0,0.037,origin of Elastic_L70_C10 + SMOTEENN,✅ Yes,0.026,noisy_overlap_w2_n20_d0.csv
Elastic_L70_C10 + Random Undersample_G0,0,0.039,origin of Elastic_L70_C10 + Random Undersample,✅ Yes,0.026,noisy_overlap_w2_n20_d0.csv
Elastic_L70_C10 + Cluster Centroids_G0,0,0.041,origin of Elastic_L70_C10 + Cluster Centroids,✅ Yes,0.026,noisy_overlap_w2_n20_d0.csv
Elastic_L70_C10 + No Resampling_G0,0,0.037,origin of Elastic_L70_C10 + No Resampling,✅ Yes,0.026,noisy_overlap_w2_n20_d0.csv
Elastic_L70_C10 + Manual Upsampling_G0,0,0.038,origin of Elastic_L70_C10 + Manual Upsampling,✅ Yes,0.026,noisy_overlap_w2_n20_d0.csv
Elastic_L70_C10 + SMOTE_G0,0,0.037,origin of Elastic_L70_C10 + SMOTE,✅ Yes,0.026,noisy_overlap_w2_n20_d0.csv
Elastic_L70_C10 + ADASYN_G0,0,0.039,origin of Elastic_L70_C10 + ADASYN,✅ Yes,0.026,noisy_overlap_w2_n20_d0.csv
Elastic_L70_C10 + Borderline SMOTE_G0,0,0.032,origin of Elastic_L70_C10 + Borderline SMOTE,✅ Yes,0.026,noisy_overlap_w2_n20_d0.csv
Elastic_L70_C10 + SMOTETomek_G0,0,0.037,origin of Elastic_L70_C10 + SMOTETomek,✅ Yes,0.026,noisy_overlap_w2_n20_d0.csv
Elastic_L70_C10 + SMOTEENN_G0,0,0.037,origin of Elastic_L70_C10 + SMOTEENN,✅ Yes,0.026,noisy_overlap_w2_n20_d0.csv
Elastic_L70_C10 + Random Undersample_G0,0,0.039,origin of Elastic_L70_C10 + Random Undersample,✅ Yes,0.026,noisy_overlap_w2_n20_d0.csv
Elastic_L70_C10 + Cluster Centroids_G0,0,0.041,origin of Elastic_L70_C10 + Cluster Centroids,✅ Yes,0.026,noisy_overlap_w2_n20_d0.csv
Elastic_L70_C10 + No Resampling_G0,0,0.037,origin of Elastic_L70_C10 + No Resampling,✅ Yes,0.026,noisy_overlap_w2_n20_d0.csv
Elastic_L70_C10 + Cluster Centroids_G1,1,0.042,child of Elastic_L70_C10 + Cluster Centroids_G0,✅ Yes,0.026,noisy_overlap_w2_n20_d0.csv
Elastic_L70_C10 + Cluster Centroids_G1,1,0.043,child of Elastic_L70_C10 + Cluster Centroids_G0,✅ Yes,0.026,noisy_overlap_w2_n20_d0.csv
Elastic_L70_C10 + Cluster Centroids_G1,1,0.041,child of Elastic_L70_C10 + Cluster Centroids_G0,✅ Yes,0.026,noisy_overlap_w2_n20_d0.csv
Elastic_L70_C10 + Cluster Centroids_G1,1,0.041,child of Elastic_L70_C10 + Cluster Centroids_G0,✅ Yes,0.026,noisy_overlap_w2_n20_d0.csv
Elastic_L70_C10 + Cluster Centroids_G1,1,0.041,child of Elastic_L70_C10 + Cluster Centroids_G0,✅ Yes,0.026,noisy_overlap_w2_n20_d0.csv
Elastic_L70_C10 + Cluster Centroids_G1,1,0.041,child of Elastic_L70_C10 + Cluster Centroids_G0,✅ Yes,0.026,noisy_overlap_w2_n20_d0.csv
Elastic_L70_C10 + Cluster Centroids_G2,2,0.042,child of Elastic_L70_C10 + Cluster Centroids_G1,✅ Yes,0.026,noisy_overlap_w2_n20_d0.csv
Elastic_L70_C10 + Cluster Centroids_G2,2,0.043,child of Elastic_L70_C10 + Cluster Centroids_G1,✅ Yes,0.026,noisy_overlap_w2_n20_d0.csv
Elastic_L70_C10 + Cluster Centroids_G2,2,0.043,child of Elastic_L70_C10 + Cluster Centroids_G1,✅ Yes,0.026,noisy_overlap_w2_n20_d0.csv
Elastic_L70_C10 + Cluster Centroids_G2,2,0.043,child of Elastic_L70_C10 + Cluster Centroids_G1,✅ Yes,0.026,noisy_overlap_w2_n20_d0.csv
Elastic_L70_C10 + Cluster Centroids_G2,2,0.042,child of Elastic_L70_C10 + Cluster Centroids_G0,✅ Yes,0.026,noisy_overlap_w2_n20_d0.csv
Elastic_L70_C10 + Cluster Centroids_G2,2,0.041,child of Elastic_L70_C10 + Cluster Centroids_G0,✅ Yes,0.026,noisy_overlap_w2_n20_d0.csv
Elastic_L70_C10 + Cluster Centroids_G3,3,0.043,child of Elastic_L70_C10 + Cluster Centroids_G1,✅ Yes,0.026,noisy_overlap_w2_n20_d0.csv
Elastic_L70_C10 + Cluster Centroids_G3,3,0.046,child of Elastic_L70_C10 + Cluster Centroids_G1,✅ Yes,0.026,noisy_overlap_w2_n20_d0.csv
Elastic_L70_C10 + Cluster Centroids_G3,3,0.043,child of Elastic_L70_C10 + Cluster Centroids_G2,✅ Yes,0.026,noisy_overlap_w2_n20_d0.csv
Elastic_L70_C10 + Cluster Centroids_G3,3,0.044,child of Elastic_L70_C10 + Cluster Centroids_G2,✅ Yes,0.026,noisy_overlap_w2_n20_d0.csv
Elastic_L70_C10 + Cluster Centroids_G3,3,0.042,child of Elastic_L70_C10 + Cluster Centroids_G2,✅ Yes,0.026,noisy_overlap_w2_n20_d0.csv
Elastic_L70_C10 + Cluster Centroids_G3,3,0.043,child of Elastic_L70_C10 + Cluster Centroids_G2,✅ Yes,0.026,noisy_overlap_w2_n20_d0.csv
Elastic_L70_C10 + Cluster Centroids_G4,4,0.043,child of Elastic_L70_C10 + Cluster Centroids_G3,✅ Yes,0.026,noisy_overlap_w2_n20_d0.csv
Elastic_L70_C10 + Cluster Centroids_G4,4,0.069,child of Elastic_L70_C10 + Cluster Centroids_G3,✅ Yes,0.026,noisy_overlap_w2_n20_d0.csv
Elastic_L70_C10 + Cluster Centroids_G4,4,0.046,child of Elastic_L70_C10 + Cluster Centroids_G3,✅ Yes,0.026,noisy_overlap_w2_n20_d0.csv
Elastic_L70_C10 + Cluster Centroids_G4,4,0.043,child of Elastic_L70_C10 + Cluster Centroids_G3,✅ Yes,0.026,noisy_overlap_w2_n20_d0.csv
Elastic_L70_C10 + Cluster Centroids_G4,4,0.046,child of Elastic_L70_C10 + Cluster Centroids_G3,✅ Yes,0.026,noisy_overlap_w2_n20_d0.csv
Elastic_L70_C10 + Cluster Centroids_G4,4,0.043,child of Elastic_L70_C10 + Cluster Centroids_G3,✅ Yes,0.026,noisy_overlap_w2_n20_d0.csv
Elastic_L70_C10 + Cluster Centroids_G5,5,0.044,child of Elastic_L70_C10 + Cluster Centroids_G4,✅ Yes,0.026,noisy_overlap_w2_n20_d0.csv
Elastic_L70_C10 + Cluster Centroids_G5,5,0.071,child of Elastic_L70_C10 + Cluster Centroids_G4,✅ Yes,0.026,noisy_overlap_w2_n20_d0.csv
Elastic_L70_C10 + Cluster Centroids_G5,5,0.049,child of Elastic_L70_C10 + Cluster Centroids_G4,✅ Yes,0.026,noisy_overlap_w2_n20_d0.csv
Elastic_L70_C10 + Cluster Centroids_G5,5,0.047,child of Elastic_L70_C10 + Cluster Centroids_G4,✅ Yes,0.026,noisy_overlap_w2_n20_d0.csv
Elastic_L70_C10 + Cluster Centroids_G5,5,0.044,child of Elastic_L70_C10 + Cluster Centroids_G3,✅ Yes,0.026,noisy_overlap_w2_n20_d0.csv
Elastic_L70_C10 + Cluster Centroids_G5,5,0.046,child of Elastic_L70_C10 + Cluster Centroids_G3,✅ Yes,0.026,noisy_overlap_w2_n20_d0.csv
Elastic_L70_C10 + Cluster Centroids_G6,6,0.071,child of Elastic_L70_C10 + Cluster Centroids_G5,✅ Yes,0.026,noisy_overlap_w2_n20_d0.csv
Elastic_L70_C10 + Cluster Centroids_G6,6,0.071,child of Elastic_L70_C10 + Cluster Centroids_G5,✅ Yes,0.026,noisy_overlap_w2_n20_d0.csv
Elastic_L70_C10 + Cluster Centroids_G6,6,0.071,child of Elastic_L70_C10 + Cluster Centroids_G4,✅ Yes,0.026,noisy_overlap_w2_n20_d0.csv
Elastic_L70_C10 + Cluster Centroids_G6,6,0.046,child of Elastic_L70_C10 + Cluster Centroids_G4,✅ Yes,0.026,noisy_overlap_w2_n20_d0.csv
Elastic_L70_C10 + Cluster Centroids_G6,6,0.046,child of Elastic_L70_C10 + Cluster Centroids_G5,✅ Yes,0.026,noisy_overlap_w2_n20_d0.csv
Elastic_L70_C10 + Cluster Centroids_G6,6,0.044,child of Elastic_L70_C10 + Cluster Centroids_G5,✅ Yes,0.026,noisy_overlap_w2_n20_d0.csv
Elastic_L70_C10 + Cluster Centroids_G7,7,0.071,child of Elastic_L70_C10 + Cluster Centroids_G6,✅ Yes,0.026,noisy_overlap_w2_n20_d0.csv
Elastic_L70_C10 + Cluster Centroids_G7,7,0.071,child of Elastic_L70_C10 + Cluster Centroids_G6,✅ Yes,0.026,noisy_overlap_w2_n20_d0.csv
Elastic_L70_C10 + Cluster Centroids_G7,7,0.074,child of Elastic_L70_C10 + Cluster Centroids_G6,✅ Yes,0.026,noisy_overlap_w2_n20_d0.csv
Elastic_L70_C10 + Cluster Centroids_G7,7,0.071,child of Elastic_L70_C10 + Cluster Centroids_G6,✅ Yes,0.026,noisy_overlap_w2_n20_d0.csv
Elastic_L70_C10 + Cluster Centroids_G7,7,0.072,child of Elastic_L70_C10 + Cluster Centroids_G5,✅ Yes,0.026,noisy_overlap_w2_n20_d0.csv
Elastic_L70_C10 + Cluster Centroids_G7,7,0.071,child of Elastic_L70_C10 + Cluster Centroids_G5,✅ Yes,0.026,noisy_overlap_w2_n20_d0.csv
Elastic_L70_C10 + Cluster Centroids_G8,8,0.081,child of Elastic_L70_C10 + Cluster Centroids_G7,✅ Yes,0.026,noisy_overlap_w2_n20_d0.csv
Elastic_L70_C10 + Cluster Centroids_G8,8,0.072,child of Elastic_L70_C10 + Cluster Centroids_G7,✅ Yes,0.026,noisy_overlap_w2_n20_d0.csv
Elastic_L70_C10 + Cluster Centroids_G8,8,0.071,child of Elastic_L70_C10 + Cluster Centroids_G7,✅ Yes,0.026,noisy_overlap_w2_n20_d0.csv
Elastic_L70_C10 + Cluster Centroids_G8,8,0.074,child of Elastic_L70_C10 + Cluster Centroids_G7,✅ Yes,0.026,noisy_overlap_w2_n20_d0.csv
Elastic_L70_C10 + Cluster Centroids_G8,8,0.077,child of Elastic_L70_C10 + Cluster Centroids_G7,✅ Yes,0.026,noisy_overlap_w2_n20_d0.csv
Elastic_L70_C10 + Cluster Centroids_G8,8,0.069,child of Elastic_L70_C10 + Cluster Centroids_G7,✅ Yes,0.026,noisy_overlap_w2_n20_d0.csv
Elastic_L70_C10 + Cluster Centroids_G9,9,0.083,child of Elastic_L70_C10 + Cluster Centroids_G8,✅ Yes,0.026,noisy_overlap_w2_n20_d0.csv
Elastic_L70_C10 + Cluster Centroids_G9,9,0.103,child of Elastic_L70_C10 + Cluster Centroids_G8,✅ Yes,0.026,noisy_overlap_w2_n20_d0.csv
Elastic_L70_C10 + Cluster Centroids_G9,9,0.075,child of Elastic_L70_C10 + Cluster Centroids_G8,✅ Yes,0.026,noisy_overlap_w2_n20_d0.csv
Elastic_L70_C10 + Cluster Centroids_G9,9,0.089,child of Elastic_L70_C10 + Cluster Centroids_G8,✅ Yes,0.026,noisy_overlap_w2_n20_d0.csv
Elastic_L70_C10 + Cluster Centroids_G9,9,0.071,child of Elastic_L70_C10 + Cluster Centroids_G8,✅ Yes,0.026,noisy_overlap_w2_n20_d0.csv
Elastic_L70_C10 + Cluster Centroids_G9,9,0.101,child of Elastic_L70_C10 + Cluster Centroids_G8,✅ Yes,0.026,noisy_overlap_w2_n20_d0.csv
Elastic_L70_C10 + Cluster Centroids_G10,10,0.085,child of Elastic_L70_C10 + Cluster Centroids_G9,✅ Yes,0.026,noisy_overlap_w2_n20_d0.csv
Elastic_L70_C10 + Cluster Centroids_G10,10,0.078,child of Elastic_L70_C10 + Cluster Centroids_G9,✅ Yes,0.026,noisy_overlap_w2_n20_d0.csv
Elastic_L70_C10 + Cluster Centroids_G10,10,0.089,child of Elastic_L70_C10 + Cluster Centroids_G9,✅ Yes,0.026,noisy_overlap_w2_n20_d0.csv
Elastic_L70_C10 + Cluster Centroids_G10,10,0.101,child of Elastic_L70_C10 + Cluster Centroids_G9,✅ Yes,0.026,noisy_overlap_w2_n20_d0.csv
Elastic_L70_C10 + Cluster Centroids_G10,10,0.104,child of Elastic_L70_C10 + Cluster Centroids_G9,✅ Yes,0.026,noisy_overlap_w2_n20_d0.csv
Elastic_L70_C10 + Cluster Centroids_G10,10,0.073,child of Elastic_L70_C10 + Cluster Centroids_G9,✅ Yes,0.026,noisy_overlap_w2_n20_d0.csv
Elastic_L70_C10 + Manual Upsampling_G0,0,0.025,origin of Elastic_L70_C10 + Manual Upsampling,✅ Yes,0.011,imbalanced_sparse_w0_n10_d10.csv
Elastic_L70_C10 + SMOTE_G0,0,0.026,origin of Elastic_L70_C10 + SMOTE,✅ Yes,0.011,imbalanced_sparse_w0_n10_d10.csv
Elastic_L70_C10 + ADASYN_G0,0,0.029,origin of Elastic_L70_C10 + ADASYN,✅ Yes,0.011,imbalanced_sparse_w0_n10_d10.csv
Elastic_L70_C10 + Borderline SMOTE_G0,0,0.02,origin of Elastic_L70_C10 + Borderline SMOTE,✅ Yes,0.011,imbalanced_sparse_w0_n10_d10.csv
Elastic_L70_C10 + SMOTETomek_G0,0,0.026,origin of Elastic_L70_C10 + SMOTETomek,✅ Yes,0.011,imbalanced_sparse_w0_n10_d10.csv
Elastic_L70_C10 + SMOTEENN_G0,0,0.026,origin of Elastic_L70_C10 + SMOTEENN,✅ Yes,0.011,imbalanced_sparse_w0_n10_d10.csv
Elastic_L70_C10 + Random Undersample_G0,0,0.018,origin of Elastic_L70_C10 + Random Undersample,✅ Yes,0.011,imbalanced_sparse_w0_n10_d10.csv
Elastic_L70_C10 + Cluster Centroids_G0,0,0.505,origin of Elastic_L70_C10 + Cluster Centroids,✅ Yes,0.011,imbalanced_sparse_w0_n10_d10.csv
Elastic_L70_C10 + No Resampling_G0,0,0.075,origin of Elastic_L70_C10 + No Resampling,✅ Yes,0.011,imbalanced_sparse_w0_n10_d10.csv
Elastic_L70_C10 + Manual Upsampling_G0,0,0.027,origin of Elastic_L70_C10 + Manual Upsampling,✅ Yes,0.011,imbalanced_sparse_w0_n10_d10.csv
Elastic_L70_C10 + SMOTE_G0,0,0.026,origin of Elastic_L70_C10 + SMOTE,✅ Yes,0.011,imbalanced_sparse_w0_n10_d10.csv
Elastic_L70_C10 + ADASYN_G0,0,0.027,origin of Elastic_L70_C10 + ADASYN,✅ Yes,0.011,imbalanced_sparse_w0_n10_d10.csv
Elastic_L70_C10 + Borderline SMOTE_G0,0,0.02,origin of Elastic_L70_C10 + Borderline SMOTE,✅ Yes,0.011,imbalanced_sparse_w0_n10_d10.csv
Elastic_L70_C10 + SMOTETomek_G0,0,0.026,origin of Elastic_L70_C10 + SMOTETomek,✅ Yes,0.011,imbalanced_sparse_w0_n10_d10.csv
Elastic_L70_C10 + SMOTEENN_G0,0,0.026,origin of Elastic_L70_C10 + SMOTEENN,✅ Yes,0.011,imbalanced_sparse_w0_n10_d10.csv
Elastic_L70_C10 + Random Undersample_G0,0,0.017,origin of Elastic_L70_C10 + Random Undersample,✅ Yes,0.011,imbalanced_sparse_w0_n10_d10.csv
Elastic_L70_C10 + Cluster Centroids_G0,0,0.505,origin of Elastic_L70_C10 + Cluster Centroids,✅ Yes,0.011,imbalanced_sparse_w0_n10_d10.csv
Elastic_L70_C10 + No Resampling_G0,0,0.027,origin of Elastic_L70_C10 + No Resampling,✅ Yes,0.011,imbalanced_sparse_w0_n10_d10.csv
Elastic_L70_C10 + Manual Upsampling_G0,0,0.024,origin of Elastic_L70_C10 + Manual Upsampling,✅ Yes,0.011,imbalanced_sparse_w0_n10_d10.csv
Elastic_L70_C10 + SMOTE_G0,0,0.026,origin of Elastic_L70_C10 + SMOTE,✅ Yes,0.011,imbalanced_sparse_w0_n10_d10.csv
Elastic_L70_C10 + ADASYN_G0,0,0.028,origin of Elastic_L70_C10 + ADASYN,✅ Yes,0.011,imbalanced_sparse_w0_n10_d10.csv
Elastic_L70_C10 + Borderline SMOTE_G0,0,0.02,origin of Elastic_L70_C10 + Borderline SMOTE,✅ Yes,0.011,imbalanced_sparse_w0_n10_d10.csv
Elastic_L70_C10 + SMOTETomek_G0,0,0.026,origin of Elastic_L70_C10 + SMOTETomek,✅ Yes,0.011,imbalanced_sparse_w0_n10_d10.csv
Elastic_L70_C10 + SMOTEENN_G0,0,0.025,origin of Elastic_L70_C10 + SMOTEENN,✅ Yes,0.011,imbalanced_sparse_w0_n10_d10.csv
Elastic_L70_C10 + Random Undersample_G0,0,0.028,origin of Elastic_L70_C10 + Random Undersample,✅ Yes,0.011,imbalanced_sparse_w0_n10_d10.csv
Elastic_L70_C10 + Cluster Centroids_G0,0,0.073,origin of Elastic_L70_C10 + Cluster Centroids,✅ Yes,0.011,imbalanced_sparse_w0_n10_d10.csv
Elastic_L70_C10 + No Resampling_G0,0,0.017,origin of Elastic_L70_C10 + No Resampling,✅ Yes,0.011,imbalanced_sparse_w0_n10_d10.csv
Elastic_L70_C10 + Cluster Centroids_G1,1,0.505,child of Elastic_L70_C10 + Cluster Centroids_G0,✅ Yes,0.011,imbalanced_sparse_w0_n10_d10.csv
Elastic_L70_C10 + Cluster Centroids_G1,1,0.505,child of Elastic_L70_C10 + Cluster Centroids_G0,✅ Yes,0.011,imbalanced_sparse_w0_n10_d10.csv
Elastic_L70_C10 + Cluster Centroids_G1,1,0.073,child of Elastic_L70_C10 + Cluster Centroids_G0,✅ Yes,0.011,imbalanced_sparse_w0_n10_d10.csv
Elastic_L70_C10 + Cluster Centroids_G1,1,0.505,child of Elastic_L70_C10 + Cluster Centroids_G0,✅ Yes,0.011,imbalanced_sparse_w0_n10_d10.csv
Elastic_L70_C10 + No Resampling_G1,1,0.018,child of Elastic_L70_C10 + No Resampling_G0,✅ Yes,0.011,imbalanced_sparse_w0_n10_d10.csv
Elastic_L70_C10 + No Resampling_G1,1,0.022,child of Elastic_L70_C10 + No Resampling_G0,✅ Yes,0.011,imbalanced_sparse_w0_n10_d10.csv
Elastic_L70_C10 + Cluster Centroids_G2,2,0.505,child of Elastic_L70_C10 + Cluster Centroids_G0,✅ Yes,0.011,imbalanced_sparse_w0_n10_d10.csv
Elastic_L70_C10 + Cluster Centroids_G2,2,0.505,child of Elastic_L70_C10 + Cluster Centroids_G0,✅ Yes,0.011,imbalanced_sparse_w0_n10_d10.csv
Elastic_L70_C10 + Cluster Centroids_G2,2,0.505,child of Elastic_L70_C10 + Cluster Centroids_G0,✅ Yes,0.011,imbalanced_sparse_w0_n10_d10.csv
Elastic_L70_C10 + Cluster Centroids_G2,2,0.073,child of Elastic_L70_C10 + Cluster Centroids_G0,✅ Yes,0.011,imbalanced_sparse_w0_n10_d10.csv
Elastic_L70_C10 + Cluster Centroids_G2,2,0.505,child of Elastic_L70_C10 + Cluster Centroids_G1,✅ Yes,0.011,imbalanced_sparse_w0_n10_d10.csv
Elastic_L70_C10 + Cluster Centroids_G2,2,0.505,child of Elastic_L70_C10 + Cluster Centroids_G1,✅ Yes,0.011,imbalanced_sparse_w0_n10_d10.csv
Elastic_L70_C10 + Cluster Centroids_G3,3,0.073,child of Elastic_L70_C10 + Cluster Centroids_G0,✅ Yes,0.011,imbalanced_sparse_w0_n10_d10.csv
Elastic_L70_C10 + Cluster Centroids_G3,3,0.505,child of Elastic_L70_C10 + Cluster Centroids_G0,✅ Yes,0.011,imbalanced_sparse_w0_n10_d10.csv
Elastic_L70_C10 + Cluster Centroids_G3,3,0.505,child of Elastic_L70_C10 + Cluster Centroids_G0,✅ Yes,0.011,imbalanced_sparse_w0_n10_d10.csv
Elastic_L70_C10 + Cluster Centroids_G3,3,0.505,child of Elastic_L70_C10 + Cluster Centroids_G0,✅ Yes,0.011,imbalanced_sparse_w0_n10_d10.csv
Elastic_L70_C10 + Cluster Centroids_G3,3,0.505,child of Elastic_L70_C10 + Cluster Centroids_G1,✅ Yes,0.011,imbalanced_sparse_w0_n10_d10.csv
Elastic_L70_C10 + Cluster Centroids_G3,3,0.505,child of Elastic_L70_C10 + Cluster Centroids_G1,✅ Yes,0.011,imbalanced_sparse_w0_n10_d10.csv
Elastic_L70_C10 + Cluster Centroids_G4,4,0.505,child of Elastic_L70_C10 + Cluster Centroids_G0,✅ Yes,0.011,imbalanced_sparse_w0_n10_d10.csv
Elastic_L70_C10 + Cluster Centroids_G4,4,0.505,child of Elastic_L70_C10 + Cluster Centroids_G0,✅ Yes,0.011,imbalanced_sparse_w0_n10_d10.csv
Elastic_L70_C10 + Cluster Centroids_G4,4,0.505,child of Elastic_L70_C10 + Cluster Centroids_G0,✅ Yes,0.011,imbalanced_sparse_w0_n10_d10.csv
Elastic_L70_C10 + Cluster Centroids_G4,4,0.073,child of Elastic_L70_C10 + Cluster Centroids_G0,✅ Yes,0.011,imbalanced_sparse_w0_n10_d10.csv
Elastic_L70_C10 + Cluster Centroids_G4,4,0.505,child of Elastic_L70_C10 + Cluster Centroids_G1,✅ Yes,0.011,imbalanced_sparse_w0_n10_d10.csv
Elastic_L70_C10 + Cluster Centroids_G4,4,0.505,child of Elastic_L70_C10 + Cluster Centroids_G1,✅ Yes,0.011,imbalanced_sparse_w0_n10_d10.csv
Elastic_L70_C10 + Cluster Centroids_G5,5,0.505,child of Elastic_L70_C10 + Cluster Centroids_G0,✅ Yes,0.011,imbalanced_sparse_w0_n10_d10.csv
Elastic_L70_C10 + Cluster Centroids_G5,5,0.073,child of Elastic_L70_C10 + Cluster Centroids_G0,✅ Yes,0.011,imbalanced_sparse_w0_n10_d10.csv
Elastic_L70_C10 + Cluster Centroids_G5,5,0.505,child of Elastic_L70_C10 + Cluster Centroids_G0,✅ Yes,0.011,imbalanced_sparse_w0_n10_d10.csv
Elastic_L70_C10 + Cluster Centroids_G5,5,0.505,child of Elastic_L70_C10 + Cluster Centroids_G0,✅ Yes,0.011,imbalanced_sparse_w0_n10_d10.csv
Elastic_L70_C10 + Cluster Centroids_G5,5,0.505,child of Elastic_L70_C10 + Cluster Centroids_G1,✅ Yes,0.011,imbalanced_sparse_w0_n10_d10.csv
Elastic_L70_C10 + Cluster Centroids_G5,5,0.505,child of Elastic_L70_C10 + Cluster Centroids_G1,✅ Yes,0.011,imbalanced_sparse_w0_n10_d10.csv
Elastic_L70_C10 + Cluster Centroids_G6,6,0.073,child of Elastic_L70_C10 + Cluster Centroids_G0,✅ Yes,0.011,imbalanced_sparse_w0_n10_d10.csv
Elastic_L70_C10 + Cluster Centroids_G6,6,0.073,child of Elastic_L70_C10 + Cluster Centroids_G0,✅ Yes,0.011,imbalanced_sparse_w0_n10_d10.csv
Elastic_L70_C10 + Cluster Centroids_G6,6,0.505,child of Elastic_L70_C10 + Cluster Centroids_G0,✅ Yes,0.011,imbalanced_sparse_w0_n10_d10.csv
Elastic_L70_C10 + Cluster Centroids_G6,6,0.073,child of Elastic_L70_C10 + Cluster Centroids_G0,✅ Yes,0.011,imbalanced_sparse_w0_n10_d10.csv
Elastic_L70_C10 + Cluster Centroids_G6,6,0.505,child of Elastic_L70_C10 + Cluster Centroids_G1,✅ Yes,0.011,imbalanced_sparse_w0_n10_d10.csv
Elastic_L70_C10 + Cluster Centroids_G6,6,0.505,child of Elastic_L70_C10 + Cluster Centroids_G1,✅ Yes,0.011,imbalanced_sparse_w0_n10_d10.csv
Elastic_L70_C10 + Cluster Centroids_G7,7,0.505,child of Elastic_L70_C10 + Cluster Centroids_G0,✅ Yes,0.011,imbalanced_sparse_w0_n10_d10.csv
Elastic_L70_C10 + Cluster Centroids_G7,7,0.505,child of Elastic_L70_C10 + Cluster Centroids_G0,✅ Yes,0.011,imbalanced_sparse_w0_n10_d10.csv
Elastic_L70_C10 + Cluster Centroids_G7,7,0.073,child of Elastic_L70_C10 + Cluster Centroids_G0,✅ Yes,0.011,imbalanced_sparse_w0_n10_d10.csv
Elastic_L70_C10 + Cluster Centroids_G7,7,0.073,child of Elastic_L70_C10 + Cluster Centroids_G0,✅ Yes,0.011,imbalanced_sparse_w0_n10_d10.csv
Elastic_L70_C10 + Cluster Centroids_G7,7,0.505,child of Elastic_L70_C10 + Cluster Centroids_G1,✅ Yes,0.011,imbalanced_sparse_w0_n10_d10.csv
Elastic_L70_C10 + Cluster Centroids_G7,7,0.505,child of Elastic_L70_C10 + Cluster Centroids_G1,✅ Yes,0.011,imbalanced_sparse_w0_n10_d10.csv
Elastic_L70_C10 + Cluster Centroids_G8,8,0.073,child of Elastic_L70_C10 + Cluster Centroids_G0,✅ Yes,0.011,imbalanced_sparse_w0_n10_d10.csv
Elastic_L70_C10 + Cluster Centroids_G8,8,0.505,child of Elastic_L70_C10 + Cluster Centroids_G0,✅ Yes,0.011,imbalanced_sparse_w0_n10_d10.csv
Elastic_L70_C10 + Cluster Centroids_G8,8,0.505,child of Elastic_L70_C10 + Cluster Centroids_G0,✅ Yes,0.011,imbalanced_sparse_w0_n10_d10.csv
Elastic_L70_C10 + Cluster Centroids_G8,8,0.073,child of Elastic_L70_C10 + Cluster Centroids_G0,✅ Yes,0.011,imbalanced_sparse_w0_n10_d10.csv
Elastic_L70_C10 + Cluster Centroids_G8,8,0.505,child of Elastic_L70_C10 + Cluster Centroids_G1,✅ Yes,0.011,imbalanced_sparse_w0_n10_d10.csv
Elastic_L70_C10 + Cluster Centroids_G8,8,0.505,child of Elastic_L70_C10 + Cluster Centroids_G1,✅ Yes,0.011,imbalanced_sparse_w0_n10_d10.csv
Elastic_L70_C10 + Cluster Centroids_G9,9,0.073,child of Elastic_L70_C10 + Cluster Centroids_G0,✅ Yes,0.011,imbalanced_sparse_w0_n10_d10.csv
Elastic_L70_C10 + Cluster Centroids_G9,9,0.505,child of Elastic_L70_C10 + Cluster Centroids_G0,✅ Yes,0.011,imbalanced_sparse_w0_n10_d10.csv
Elastic_L70_C10 + Cluster Centroids_G9,9,0.073,child of Elastic_L70_C10 + Cluster Centroids_G0,✅ Yes,0.011,imbalanced_sparse_w0_n10_d10.csv
Elastic_L70_C10 + Cluster Centroids_G9,9,0.073,child of Elastic_L70_C10 + Cluster Centroids_G0,✅ Yes,0.011,imbalanced_sparse_w0_n10_d10.csv
Elastic_L70_C10 + Cluster Centroids_G9,9,0.505,child of Elastic_L70_C10 + Cluster Centroids_G1,✅ Yes,0.011,imbalanced_sparse_w0_n10_d10.csv
Elastic_L70_C10 + Cluster Centroids_G9,9,0.505,child of Elastic_L70_C10 + Cluster Centroids_G1,✅ Yes,0.011,imbalanced_sparse_w0_n10_d10.csv
Elastic_L70_C10 + Cluster Centroids_G10,10,0.073,child of Elastic_L70_C10 + Cluster Centroids_G0,✅ Yes,0.011,imbalanced_sparse_w0_n10_d10.csv
Elastic_L70_C10 + Cluster Centroids_G10,10,0.505,child of Elastic_L70_C10 + Cluster Centroids_G0,✅ Yes,0.011,imbalanced_sparse_w0_n10_d10.csv
Elastic_L70_C10 + Cluster Centroids_G10,10,0.073,child of Elastic_L70_C10 + Cluster Centroids_G0,✅ Yes,0.011,imbalanced_sparse_w0_n10_d10.csv
Elastic_L70_C10 + Cluster Centroids_G10,10,0.505,child of Elastic_L70_C10 + Cluster Centroids_G0,✅ Yes,0.011,imbalanced_sparse_w0_n10_d10.csv
Elastic_L70_C10 + Cluster Centroids_G10,10,0.505,child of Elastic_L70_C10 + Cluster Centroids_G1,✅ Yes,0.011,imbalanced_sparse_w0_n10_d10.csv
Elastic_L70_C10 + Cluster Centroids_G10,10,0.505,child of Elastic_L70_C10 + Cluster Centroids_G1,✅ Yes,0.011,imbalanced_sparse_w0_n10_d10.csv
